{"cameraMode":{"drawMode":0,"name":"Shaded","section":"Shading Mode"},"sceneLighting":false,"audioPlay":false,"sceneViewState":{"m_AlwaysRefresh":false,"showFog":false,"showSkybox":false,"showFlares":false,"showImageEffects":false,"showParticleSystems":false,"showVisualEffectGraphs":true,"m_FxEnabled":true},"in2DMode":false,"pivot":{"x":0.321634441614151,"y":-0.033552370965480807,"z":-0.050000011920928958},"rotation":{"x":0.1753183752298355,"y":-0.2209189236164093,"z":0.04047613590955734,"w":0.9586415886878967},"size":0.7116231322288513,"orthographic":true}