{"cameraMode":{"drawMode":0,"name":"Shaded","section":"Shading Mode"},"sceneLighting":false,"audioPlay":false,"sceneViewState":{"m_AlwaysRefresh":false,"showFog":true,"showSkybox":false,"showFlares":false,"showImageEffects":false,"showParticleSystems":false,"showVisualEffectGraphs":true,"m_FxEnabled":false},"in2DMode":false,"pivot":{"x":0.11337453126907349,"y":0.5211613774299622,"z":0.16533605754375459},"rotation":{"x":-0.0014972947537899018,"y":0.7810909748077393,"z":-0.0018733227625489236,"w":-0.6244220733642578},"size":0.04641014337539673,"orthographic":false}