{"cameraMode":{"drawMode":0,"name":"Shaded","section":"Shading Mode"},"sceneLighting":false,"audioPlay":false,"sceneViewState":{"m_AlwaysRefresh":false,"showFog":true,"showSkybox":false,"showFlares":false,"showImageEffects":false,"showParticleSystems":false,"showVisualEffectGraphs":true,"m_FxEnabled":true},"in2DMode":false,"pivot":{"x":0.02402494288980961,"y":0.4119046926498413,"z":0.008249573409557343},"rotation":{"x":0.279327929019928,"y":0.09056913107633591,"z":-0.026475219056010248,"w":0.9555488228797913},"size":0.014705181121826172,"orthographic":false}