{"cameraMode":{"drawMode":0,"name":"Shaded","section":"Shading Mode"},"sceneLighting":true,"audioPlay":false,"sceneViewState":{"m_AlwaysRefresh":false,"showFog":true,"showSkybox":false,"showFlares":false,"showImageEffects":false,"showParticleSystems":false,"showVisualEffectGraphs":true,"m_FxEnabled":true},"in2DMode":false,"pivot":{"x":0.07194685935974121,"y":1.2816277742385865,"z":0.6575425267219544},"rotation":{"x":-0.061002906411886218,"y":0.48363128304481509,"z":-0.03402427211403847,"w":-0.8725922703742981},"size":0.943919837474823,"orthographic":false}