{"cameraMode":{"drawMode":0,"name":"Shaded","section":"Shading Mode"},"sceneLighting":false,"audioPlay":false,"sceneViewState":{"m_AlwaysRefresh":false,"showFog":true,"showSkybox":false,"showFlares":false,"showImageEffects":false,"showParticleSystems":false,"showVisualEffectGraphs":true,"m_FxEnabled":true},"in2DMode":false,"pivot":{"x":2.59767484664917,"y":0.23330962657928468,"z":2.9937686920166017},"rotation":{"x":0.05533099174499512,"y":-0.6797695755958557,"z":0.051861125975847247,"w":0.7296491861343384},"size":1.0732049942016602,"orthographic":false}