{"cameraMode":{"drawMode":0,"name":"Shaded","section":"Shading Mode"},"sceneLighting":false,"audioPlay":false,"sceneViewState":{"m_AlwaysRefresh":false,"showFog":true,"showSkybox":false,"showFlares":false,"showImageEffects":false,"showParticleSystems":false,"showVisualEffectGraphs":true,"m_FxEnabled":true},"in2DMode":false,"pivot":{"x":0.08069437742233277,"y":0.1566346287727356,"z":0.09940308332443237},"rotation":{"x":0.057152364403009418,"y":-0.685063362121582,"z":0.05428935959935188,"w":0.7243610620498657},"size":0.5450464487075806,"orthographic":false}